{
  "categories": [
    {
      "id": "b47cd2a4-405a-46d0-bb3b-9dd8ab1e6619",
      "name": "Shortcuts",
      "shortcuts": [
        {
          "iconName": "flat_color_computer",
          "id": "70ee91d9-ab82-446f-9ce6-cdf043ebcef2",
          "launcherShortcut": true,
          "name": "set value switch",
          "quickSettingsTileShortcut": true,
          "responseHandling": {
            "successOutput": "none",
            "uiType": "toast"
          },
          "url": "https://blynk.cloud/external/api/update?token\u003d{{134446c4-21ca-4687-b876-290d6a840591}}\u0026v0\u003d{{75558dad-6f08-4ca5-bfc3-7e52a07281f4}}"
        },
        {
          "codeOnPrepare": "enqueueShortcut(/*[shortcut]*/\"70ee91d9-ab82-446f-9ce6-cdf043ebcef2\"/*[/shortcut]*/);",
          "codeOnSuccess": "if (response.body\u003d\u003d\u00271\u0027) {\n\nsetVariable(/*[variable]*/\"75558dad-6f08-4ca5-bfc3-7e52a07281f4\"/*[/variable]*/, \"0\");\n\nrenameShortcut(\"\", \"PC turn OFF\");\n\nchangeIcon(\"\", \"custom-icon_x1655655034519.png\");\n\n    \n} else {\nsetVariable(/*[variable]*/\"75558dad-6f08-4ca5-bfc3-7e52a07281f4\"/*[/variable]*/, \"1\");\n\n\nrenameShortcut(\"\", \"PC turn ON\");\n\nchangeIcon(\"\", \"custom-icon_x1655655040772.png\");\n\n}",
          "description": "get value and change icons",
          "iconName": "custom-icon_x1655655034519.png",
          "id": "1e66030b-3e99-4136-be3a-9718ec58f41e",
          "launcherShortcut": true,
          "name": "PC turn OFF",
          "quickSettingsTileShortcut": true,
          "responseHandling": {
            "includeMetaInfo": true,
            "successOutput": "none",
            "uiType": "toast"
          },
          "url": "https://blynk.cloud/external/api/get?token\u003d{{134446c4-21ca-4687-b876-290d6a840591}}\u0026v0"
        }
      ]
    }
  ],
  "variables": [
    {
      "id": "134446c4-21ca-4687-b876-290d6a840591",
      "key": "token",
      "value": "YOUR_PERSONAL_TOKEN_HERE"
    },
    {
      "id": "75558dad-6f08-4ca5-bfc3-7e52a07281f4",
      "key": "pc_switch_value",
      "options": [
        {
          "id": "0723dda0-2159-461f-b90c-c48f974e28d7",
          "value": "1"
        },
        {
          "id": "145a62d3-ce63-407c-931f-bade6832f750",
          "value": "0"
        }
      ],
      "type": "toggle",
      "value": "1"
    },
    {
      "id": "b2b1ab64-bc4d-46ed-b369-0e601c6e8e8c",
      "key": "shortcut_name",
      "value": "PC turn OFF"
    }
  ],
  "version": 51
}